1216492,MI vs CSK,https://www.reddit.com/r/Cricket/comments/ivrdtv/match_thread_1st_match_mumbai_indians_v_chennai/
1216493,DC vs KXIP,https://www.reddit.com/r/Cricket/comments/iwco31/match_thread_2nd_match_delhi_capitals_v_kings_xi/
1216494,RCB vs SRH,https://www.reddit.com/r/Cricket/comments/iwz52d/match_thread_3rd_match_sunrisers_hyderabad_v/
1216495,RR vs CSK,https://www.reddit.com/r/Cricket/comments/ixm2v5/match_thread_4th_match_rajasthan_royals_v_chennai/
1216496,MI vs KKR,https://www.reddit.com/r/Cricket/comments/iy8uso/match_thread_5th_match_kolkata_knight_riders_v/
1216497,KXIP vs RCB,https://www.reddit.com/r/Cricket/comments/iyw2o9/match_thread_6th_match_kings_xi_punjab_v_royal/
1216498,DC vs CSK,https://www.reddit.com/r/Cricket/comments/izi98o/match_thread_7th_match_chennai_super_kings_v/
1216499,SRH vs KKR,https://www.reddit.com/r/Cricket/comments/j04y3t/match_thread_8th_match_kolkata_knight_riders_v/
1216500,KXIP vs RR,https://www.reddit.com/r/Cricket/comments/j0q0o6/match_thread_9th_match_rajasthan_royals_v_kings/
1216501,RCB vs MI,https://www.reddit.com/r/Cricket/comments/j1armi/match_thread_10th_match_royal_challengers/
1216502,SRH vs DC,https://www.reddit.com/r/Cricket/comments/j1xyyh/match_thread_11th_match_delhi_capitals_v/
1216503,KKR vs RR,https://www.reddit.com/r/Cricket/comments/j2kvee/match_thread_12th_match_rajasthan_royals_v/
1216504,MI vs KXIP,https://www.reddit.com/r/Cricket/comments/j37aib/match_thread_13th_match_kings_xi_punjab_v_mumbai/
1216505,SRH vs CSK,https://www.reddit.com/r/Cricket/comments/j3t9bb/match_thread_14th_match_chennai_super_kings_v/
1216506,RR vs RCB,https://www.reddit.com/r/Cricket/comments/j4c1kl/match_thread_15th_match_royal_challengers/
1216507,DC vs KKR,https://www.reddit.com/r/Cricket/comments/j4elk9/match_thread_16th_match_delhi_capitals_v_kolkata/
1216508,MI vs SRH,https://www.reddit.com/r/Cricket/comments/j4vdg4/match_thread_17th_match_mumbai_indians_v/
1216509,KXIP vs CSK,https://www.reddit.com/r/Cricket/comments/j4xyhg/match_thread_18th_match_kings_xi_punjab_v_chennai/
1216510,DC vs RCB,https://www.reddit.com/r/Cricket/comments/j5i7f8/match_thread_19th_match_royal_challengers/
1216511,MI vs RR,https://www.reddit.com/r/Cricket/comments/j63tku/match_thread_20th_match_mumbai_indians_v/
1216512,KKR vs CSK,https://www.reddit.com/r/Cricket/comments/j6pm26/match_thread_21st_match_kolkata_knight_riders_v/
1216513,SRH vs KXIP,https://www.reddit.com/r/Cricket/comments/j7btvx/match_thread_22nd_match_sunrisers_hyderabad_v/
1216514,DC vs RR,https://www.reddit.com/r/Cricket/comments/j7xr00/match_thread_23rd_match_rajasthan_royals_v_delhi/
1216515,KKR vs KXIP,https://www.reddit.com/r/Cricket/comments/j8gq33/match_thread_24th_match_kings_xi_punjab_v_kolkata/
1216516,RCB vs CSK,https://www.reddit.com/r/Cricket/comments/j8jetr/match_thread_25th_match_chennai_super_kings_v/
1216517,SRH vs RR,https://www.reddit.com/r/Cricket/comments/j91jbf/match_thread_26th_match_sunrisers_hyderabad_v/
1216518,DC vs MI,https://www.reddit.com/r/Cricket/comments/j94ccr/match_thread_27th_match_mumbai_indians_v_delhi/
1216519,RCB vs KKR,https://www.reddit.com/r/Cricket/comments/j9posr/match_thread_28th_match_royal_challengers/
1216520,CSK vs SRH,https://www.reddit.com/r/Cricket/comments/jac33w/match_thread_29th_match_sunrisers_hyderabad_v/
1216521,DC vs RR,https://www.reddit.com/r/Cricket/comments/jazg1j/match_thread_30th_match_delhi_capitals_v/
1216522,RCB vs KXIP,https://www.reddit.com/r/Cricket/comments/jbmahc/match_thread_31st_match_royal_challengers/
1216523,KKR vs MI,https://www.reddit.com/r/Cricket/comments/jc8ow6/match_thread_32nd_match_mumbai_indians_v_kolkata/
1216524,RR vs RCB,https://www.reddit.com/r/Cricket/comments/jcrdch/match_thread_33rd_match_rajasthan_royals_v_royal/
1216525,CSK vs DC,https://www.reddit.com/r/Cricket/comments/jcu2ia/match_thread_34th_match_delhi_capitals_v_chennai/
1216526,KKR vs SRH,https://www.reddit.com/r/Cricket/comments/jdcj97/match_thread_35th_match_sunrisers_hyderabad_v/
1216527,MI vs KXIP,https://www.reddit.com/r/Cricket/comments/jdf9xx/match_thread_36th_match_mumbai_indians_v_kings_xi/
1216528,CSK vs RR,https://www.reddit.com/r/Cricket/comments/130lkbq/match_thread_37th_match_rajasthan_royals_vs/
1216529,DC vs KXIP,https://www.reddit.com/r/Cricket/comments/jeo4zk/match_thread_38th_match_kings_xi_punjab_v_delhi/
1216530,KKR vs RCB,https://www.reddit.com/r/Cricket/comments/jfbk3a/match_thread_39th_match_kolkata_knight_riders_v/
1216531,RR vs SRH,https://www.reddit.com/r/Cricket/comments/jfydvx/match_thread_40th_match_rajasthan_royals_v/
1216532,CSK vs MI,https://www.reddit.com/r/Cricket/comments/jglteq/match_thread_41st_match_chennai_super_kings_v/
1216533,KKR vs DC,https://www.reddit.com/r/Cricket/comments/jh58rj/match_thread_42nd_match_kolkata_knight_riders_v/
1216534,KXIP vs SRH,https://www.reddit.com/r/Cricket/comments/jh7vtk/match_thread_43rd_match_kings_xi_punjab_v/
1216535,RCB vs CSK,https://www.reddit.com/r/Cricket/comments/jhpts4/match_thread_44th_match_royal_challengers/
1216536,MI vs RR,https://www.reddit.com/r/Cricket/comments/jhscm9/match_thread_45th_match_rajasthan_royals_v_mumbai/
1216537,KKR vs KXIP,https://www.reddit.com/r/Cricket/comments/jidcgw/match_thread_46th_match_kolkata_knight_riders_v/
1216538,SRH vs DC,https://www.reddit.com/r/Cricket/comments/jizuot/match_thread_47th_match_sunrisers_hyderabad_v/
1216539,RCB vs MI,https://www.reddit.com/r/Cricket/comments/jjmj4h/match_thread_48th_match_mumbai_indians_v_royal/
1216540,KKR vs CSK,https://www.reddit.com/r/Cricket/comments/jk8sr6/match_thread_49th_match_chennai_super_kings_v/
1216541,KXIP vs RR,https://www.reddit.com/r/Cricket/comments/jkvm3z/match_thread_50th_match_kings_xi_punjab_v/
1216542,DC vs MI,https://www.reddit.com/r/Cricket/comments/jleobk/match_thread_51st_match_delhi_capitals_v_mumbai/
1216543,RCB vs SRH,https://www.reddit.com/r/Cricket/comments/jlhd8m/match_thread_52nd_match_royal_challengers/
1216544,KXIP vs CSK,https://www.reddit.com/r/Cricket/comments/jlywxg/match_thread_53rd_match_chennai_super_kings_v/
1216545,KKR vs RR,https://www.reddit.com/r/Cricket/comments/jm1aev/match_thread_54th_match_kolkata_knight_riders_v/
1216546,RCB vs DC,https://www.reddit.com/r/Cricket/comments/jmm9u8/match_thread_55th_match_delhi_capitals_v_royal/
1216547,MI vs SRH,https://www.reddit.com/r/Cricket/comments/jn98jp/match_thread_56th_match_sunrisers_hyderabad_v/
1216548,MI vs DC,https://www.reddit.com/r/Cricket/comments/johrcr/match_thread_qualifier_1_delhi_capitals_v_mumbai/
1216549,RCB vs SRH,https://www.reddit.com/r/Cricket/comments/jp3yo7/match_thread_eliminator_royal_challengers/
1216550,DC vs SRH,https://www.reddit.com/r/Cricket/comments/jqarkr/match_thread_qualifier_2_delhi_capitals_v/
1216551,DC vs MI,https://www.reddit.com/r/Cricket/comments/jrjwwl/match_thread_final_delhi_capitals_v_mumbai_indians/